epoch,train_loss,train_accuracy,val_loss,val_accuracy,learning_rate,seconds
1,1.5893337020167597,0.49719551282051283,1.536967094039917,0.549,0.013177293480590102,12.719914401999631
2,1.2852101624861063,0.6554042022792023,1.3338623859405518,0.6286,0.037199894104490316,2.5728619569999864
3,1.1609492519302587,0.7120726495726496,1.1686966470718383,0.7136,0.06688186620117823,2.6070266799997626
4,1.078358085067184,0.7514022435897436,1.0920283283233643,0.7422,0.09087320272840416,2.6258858460005285
5,1.0159117932672854,0.7771768162393162,1.0673436946868897,0.7604,0.09999999109894975,2.8396744999990915
6,0.9748183714698183,0.7965633903133903,1.059172863292694,0.7522,0.0989011727453679,2.557645444998343
7,0.9423370206797564,0.8093839031339032,0.9429376895904541,0.8034,0.09566514722991191,2.5606991959994048
8,0.9177523075345575,0.8212473290598291,0.9996217878341674,0.7894,0.09043334439578046,2.7654429559988785
9,0.8969107944401581,0.8310630341880342,0.9530707386016846,0.7976,0.08343441913180046,2.9575739650008472
10,0.878157937798405,0.8381410256410257,0.8671523984909058,0.8388,0.07497425805657738,2.886041166000723
11,0.86253269241746,0.8444845085470085,0.8743277145385742,0.8318,0.06542261080545538,2.8480200720005087
12,0.849011682377242,0.8515625,0.8874899458885193,0.8278,0.055196930197197236,3.0237852600002952
13,0.8242226929066867,0.8633146367521367,0.9452214986801147,0.8078,0.044744127542643404,2.9294763739999325
14,0.8076064513619469,0.8701923076923077,0.8211324690818786,0.856,0.034521040475909974,2.9217731339995225
15,0.7796550134987573,0.8824118589743589,0.8130608079910279,0.8644,0.024974466957627613,2.702718778000417
16,0.7527550020788469,0.8933404558404558,0.8019359247207641,0.8702,0.016521638060087482,2.6745345130002534
17,0.7175634968654383,0.9094551282051282,0.7625317637443543,0.8876,0.009531982967285324,2.725853432000804
18,0.6839936054669894,0.9241230413105413,0.7322634560585022,0.8974,0.004310983146862945,2.7733860300013475
19,0.6503788003554711,0.9401486823361823,0.7142181074142456,0.907,0.0010868213441095334,2.7900902359997417
20,0.6325696942813036,0.9488737535612536,0.7115493301391601,0.9072,4.089010502529279e-07,3.9770612020001863
